Gene	Chromosome	Strand	Exon_start	Acceptor_seq	Exon_end	Donor_seq
PLP1	chrX	+	103040511	TTTCCCCTTCTTCTTCCCCAGGCTTGTTAGAGTGCTGTGCA	103040697	TCAATGTGTAAGTAC
PLP1	chrX	+	103042727	ACCCCATGTCAATCATTTTAGTTTGTGGGCATCACCTATGC	103042895	ATGTATGGTGAGTTA
PLP1	chrX	+	103043366	TGCTTTTTGTGTCTTACTTAGGTGTTCTCCCATGGAATGCT	103043439	AGCTGAGGTGAGTGG
PLP1	chrX	+	103044262	TCCTCTTTCATTTTCCTGCAGTTCCAAATGACCTTCCACCT	103044327	TTCCCTGGTGAGTTG
PLP1	chrX	+	103045455	TCTCTCTTCTGTTCCCTACAGCTCACCTTCATGATTGCTGC	103047548	AATCAAACATCGTGT
ALDH7A1	chr5	-	125877533	TGTTATTTTTTCCCACTAGTACTATCAACTACAGTAAAGAC	125880711	CAACTCCAATTAGAC
ALDH7A1	chr5	-	125882016	TTATTTTTTATTTCTCTAGGAGGAGAAAAGCACACTGGTGG	125882091	GTCTACTTGGTAAGA
ALDH7A1	chr5	-	125885621	TGCCTCCCTTTTTACACAGACCTAAAGGATCAGACTGTGGC	125885694	GTGCCTTTGGTACGT
ALDH7A1	chr5	-	125885888	CCAATGTCTCTCCTTTTAGAATGAAGAAGAGGTCTTTGCAT	125885985	CTGGCTTGGGTACAA
ALDH7A1	chr5	-	125887713	TTTCATTTCTCTGCATTAGGTTATGGATCGCCCTGGAAATT	125887829	AAATTCAAGGTAAAA
ALDH7A1	chr5	-	125894932	GTGTTTGTGCTTTCCTAAGCCTTTGAAGATGCAGACCTCAG	125895026	AGGCGACTGGTGAGT
ALDH7A1	chr5	-	125896775	ataatttttttCTTTTAAGGGAGAAGTCTGTTGGAACTTGG	125896816	CCATTATTGGTAAGG
ALDH7A1	chr5	-	125903951	CGTGTCTGTTCCCTTGCAGCACAGCAATGGCCAAAGATGAA	125904048	AGAGGTTTGGTAAGT
ALDH7A1	chr5	-	125906474	ATTGCTTTTTCCTTTCTAGGATAATAGCCAAGGTTCTGGAG	125906551	AGATATTGGGTAGGT
ALDH7A1	chr5	-	125911112	TTGTTTTAACCTTCTTAAGGAAAGGAGCTCCAACCACTTCC	125911156	TGTCACAAAGTAAGT
ALDH7A1	chr5	-	125912771	ATCCTTTTTCTGTCCTCAGGATCTGGCCATGCACTGATTGA	125912903	CTGCCTCTGGTAAGA
ALDH7A1	chr5	-	125918543	TGTCGTTTTATATTTCTAGGTGTCTTTGGAGATGGGGAAAA	125918666	CTTCTGAAAGTAAGC
ALDH7A1	chr5	-	125919624	AATTGCATTCTTTTCTTAGATTCCTGCTCCAAAACGAGGAG	125919704	GGAAGCTTGGTAAAG
ALDH7A1	chr5	-	125928356	CCCCTAATTCTTAATTTAGGCCAGTGTGGCAGACTATGAAG	125928421	TGGGCAGATGTAAGT
ALDH7A1	chr5	-	125929043	ATCATCCTTTTGTTTTAAGGTTATTACGACCTATTGCCCTG	125929096	GTCCGACAGGTAAGA
ALDH7A1	chr5	-	125930699	CAGCAGCCCACTCCTCCCTGTAGCACTCCCATTGTTCCAGG	125931082	CGGGGAGAGGTACGC
NIPBL	chr5	+	36953720	TGTCTGTTTTGTGTGTTGCAGTGTTTGGGAAATGGGAAGTA	36953862	ACAGACCGTAAGTTT
NIPBL	chr5	+	36955574	ATCTGATTTTATTCCAAATAGTCCTGAACCAGCTGCCTCTT	36955739	ATCACATGTAAGTAT
NIPBL	chr5	+	36958206	TACTTATTTTCTCAATGCCAGAGAGTTGAAAGATAACCTTG	36958333	CAAAGTGGTGAGTTT
NIPBL	chr5	+	36961586	GTATTTTTGTGTTTTGCATAGGAATGATGATGTCTCAGTAT	36961685	CCTCCAGGTAATATA
NIPBL	chr5	+	36962225	TATTTGGGTTTTGGGTTTTAGCCGGTTTGTGCCACCACAGA	36962376	CAACAAGGTAAGAAA
NIPBL	chr5	+	36970978	TTTTATTCTTATTAATTTCAGCATCGGTATCAAGTCCCATT	36971138	TAGTGACGTATGTAA
NIPBL	chr5	+	36972047	AATTGTATACTCTATTTTTAGGATGGAGATTCTTCAACAAT	36972143	CCTAAAGGTACTACT
NIPBL	chr5	+	36975878	TCTATCGAATTATTTTTCTAGGCTCAAGACCACCTTTAATC	36976504	GATAAAGGTAAAATA
NIPBL	chr5	+	36984778	ATATTTATCTTTAAATTTCAGATAAGCCTTTGAAAAAAAGA	36986403	AATAAAGGTAAGAAT
NIPBL	chr5	+	36995724	AAATTTACCTTTCATTAATAGGTAGTATAGATCAATCAGTG	36995906	TTTGAATGTAAGTAT
NIPBL	chr5	+	37000475	GTCATGGGGATTTGCTTCTAGCCTCTAGGAAACGACATAAA	37000672	AGTGAGGGTAATTCA
NIPBL	chr5	+	37006459	ATTAACAATACTGTTTTACAGAATAACGATACTGAAGAAGA	37006690	CATGGAGGTTAGTTC
SCN1A	chr2	-	166915080	TTGTGTTCCTGTCTTACAGACTTTTATAGTATTGAATAAAG	166915198	GGTACATTCATATCC
SCN1A	chr2	-	166912921	TTCCTTAACAATAACCTACATTATTCAGCATGCTAATTATG	166913010	GAATGTAGAGTAAGT
SCN1A	chr2	-	166911148	TTTGGATGCTTGTTTTCAGATACACCTTCACAGGAATATAT	166911276	TACATTTGCGTAAGT
SCN1A	chr2	-	166908229	ATAGACTTCTTTCTTTCAGGCCTGAAAACCATTGTGGGAGC	166908498	AAGATTCAAGTAAGA
SCN1A	chr2	-	166903280	CTGATATTTTTGTTTGCAGACATTACGTGCTGCTGGGAAAA	166903486	GCAGCTCAGGTAAAG
SCN1A	chr2	-	166901553	TCATTTCTCTTCAATATAGCAGGCAGCAACGGCAACTGCCT	166901837	CCACACCAGGTATGG
SCN1A	chr2	-	166897741	TTTTTTTTTCTTAATCTAGAACTTGAAGAATCCAGGCAGAA	166897979	GGAAACTTGGTAAGC
SCN1A	chr2	-	166895933	AATTTTGTTTTGATCTTAGGTTTTCACTGGGATCTTTACAG	166896106	TTTCGATTGGTAAAA
SCN1A	chr2	-	166894286	TTAATCTTTCATTTTCCAGCTGCGAGTTTTCAAGTTGGCAA	166894642	AACCTAGTGGTATGT
SCN1A	chr2	-	166892558	TGTTTTTGTTGTTTTTAAGGTCCTGAATCTCTTTCTGGCCT	166893040	AGCAAAGAGGTAAGA
SCN1A	chr2	-	166858982	TTTTCCATTTGTGTATTAGGTGGTTGTGAATGCCCTTTTAG	166859263	CTTCAAGTTGTAAGT
SCN1A	chr2	-	166850656	CATTTCTATTTCTCTACAGAACAAATTTCAAGGAATGGTCT	166850926	CCATTGTAGGTAAGA
PLA2G6	chr22	-	38565225	AGACCTCGTTTTCTTCCAGACAGAGGGGGAAGACGGTGGGG	38565478	TGGATTCCGGTGGGT
PLA2G6	chr22	-	38541445	CTCTGTCCTGGCTCTACAGACTCTTCCAGCTGGAGTTGGAG	38541660	TATCATCAGGTGAGC
PLA2G6	chr22	-	38539112	CCCTGGCCCTCTCCTGCAGCTGTGCCAATTGCGCGGAGAAC	38539295	GTGCTGCAGGTGAGC
PLA2G6	chr22	-	38535989	TCCCTTCCTCTTTCATCAGCTCCTTGGAAGGAACGCAGTGG	38536176	TCAGAAGGGGTAAGA
PLA2G6	chr22	-	38530995	GGGGCCCCTCTCTCACCAGGTGTGCGGAGATGATCATCAGC	38531091	AACGCAGAGGTGAGT
PLA2G6	chr22	-	38528838	GCCTGACCGTCTCCCGCAGATGGCCCGCATGCTGCTGAAAC	38529020	GCCATGTCGGTGAGC
PLA2G6	chr22	-	38525461	CTCTCTCCATCTCCAACAGAAAGACAACGTGGAGATGATCA	38525569	TCGGCAGACGTATGT
PLA2G6	chr22	-	38522378	CCTGCTCTGTGCCTCACAGAACTACAGGATCTCATGCACAT	38522456	GAAGCGGACGTAAGT
PLA2G6	chr22	-	38519102	ACTGCTGTTCCCACTGCAGCCACGACCACCTGCTGTGCCTG	38519265	TTCTGCACAGTGAGG
PLA2G6	chr22	-	38516766	CTGACCCCTTTGTTCCTAGGTAAGTCCATGGCCTACATGCG	38516916	GAAACCCAAGTAAGC
PLA2G6	chr22	-	38512082	CTGCCTCATTTCTCTCCAGGGTGATGCTGACAGGGACACTG	38512218	AGCCCTCAGGTTTAA
PLA2G6	chr22	-	38511534	CCTCCTTCCCCGCCCCTAGACCAGCTGGTGTGGCGGGCGGC	38511688	ATCCGCAAGGTGAGT
ALS2	chr2	-	202631952	ATGTTTCTTGATGTTTTAGCTCAACAGAGGCAGAAGGATCC	202632106	TGACTGAAGGTAATG
CAPN3	chr15	+	42701985	CTCCTCTCCCTTCCTCCTCAGGACATGGAGATCTGTGCAGA	42702042	AACAAACGTGAGTTG
CAPN3	chr15	+	42702129	CACTCTTCTCCATCCCCCCAGACAAGGACCTGAAGACACAC	42702193	CATGGATGTATCCTT
CAPN3	chr15	+	42702626	GCCCTGACCTCCCTCCTCCAGACAGATGGCTCTGGAAAGCT	42702694	CTGGCAGGTGGGAAG
CAPN3	chr15	+	42702786	CCTCAAATTTTCTATTGCCAGAAAATTTTCAAACACTATGA	42702864	GACGCAGGTGCTGAG
CAPN3	chr15	+	42703082	CTAACATGGTCCCCTCCACAGGATTCCACCTCAACAACCAG	42703198	ATGTTCAGTAAGTGG
CAPN3	chr15	+	42703485	GGCCTGTGCATTCTTTCACAGGAGCTTTTCATGCATTTGAC	42703543	TCTGGAGGTAAAGCA
FKTN	chr9	+	108337226	AAATATCTTTTTTGTTCACAGAAAACAAAATTATCTTCCTT	108337418	AACAAAGGTAATTTT
FKTN	chr9	+	108358879	GTTCTTTTGTTGTCTTCCTAGAATGGAGCTGGTTTGTCAAA	108358938	ACAGTGGGTATGTAG
FKTN	chr9	+	108363426	AATTCTTTTTCTCTCAAACAGCGTGCAGTTAAAAAATTTAT	108363629	GAATGAGGTAAGTGA
FKTN	chr9	+	108366496	TTGATGCTTCTTTGGTTCTAGGAAGGCTGGTTTCGGATAGC	108366773	TTGACAGGTAAGTTC
FKTN	chr9	+	108370100	AATCTTAACTTTTGTTTTCAGGCCAGAGTTACAGCAAGTTA	108370232	CTTTCAGGTTAGAGA
FKTN	chr9	+	108377559	GACTATTTATTATATCTGTAGCAGTACCTTGATGATAACAC	108377688	TGTCTAGGTAAAATT
FKTN	chr9	+	108380240	AAAATTTAATCTTCTTTTTAGGATGGTATCGACAATGCAAC	108380373	TGGGAAGGTCAGTAA
FKTN	chr9	+	108382215	AGGTTTTCATCTTCCCCATAGGTAGAAGACAGCTTGGAACT	108382342	AATTCAAGTATGAAT
LAMA2	chr6	+	129465046	ATTATTTTTCATATTGTGTAGATTCACATCTCTTTAATCAA	129465225	CAGAAGAGTAAGTTA
LAMA2	chr6	+	129468104	TCTCTGGATTGCTTTTTGCAGTATTACTACTCGGTCAAGGA	129468193	GACAAATGTATGTAT
LAMA2	chr6	+	129470124	TTCCTCCCTCTTTTTGACTAGAAATCTCGCTGTGAGTGTGA	129470241	TGTGAAGGTATGTTC
LAMA2	chr6	+	129475650	ATTTATTTTTCCTTAATGCAGCATGCAATTGTCATGGAAAA	129475828	CAAAGGGGTAAAGTA
LAMA2	chr6	+	129486721	TCATTTTAATATTTTTGTTAGGTATCTCCAAATTATCCAAG	129486820	CGACGAGGTGAGAGC
LAMA2	chr6	+	129498851	ATGTGGCTCATCTTTCTTTAGGTTTGGCACCTGGATCCTGT	129499011	CTGCAAGGTACATTG
LAMA2	chr6	+	129511350	GATACATCTCTTTATTTGCAGGAAAATGTTGAAGGAGGAGA	129511490	TGGCAAAGTAAGCAA
LAMA2	chr6	+	129513825	TGACTGTGTGTTTTCTCTAAGATACAAGATATGAGTGGCTG	129513998	AAACAAAGTAAGTCC
LAMA2	chr6	+	129571257	TATGCATCTTCTGTCTTGTAGCTCCCAGCAGTAGGAGGACA	129571358	CTTAGAGGTAGAGTA
LAMA2	chr6	+	129573229	TTCTTTTTTTTCCCCCTTTAGGGTAATGACTTGAGCATCAG	129573440	TCTTCAGGTAAAATC
LAMA2	chr6	+	129581856	CTCTTTTTTCCTCTGCCATAGGTTGAGCTCTGTTAACCTTG	129581967	TTGTGAAGTAAGCTT
LAMA2	chr6	+	129588251	AAAGCCTTATCTTTCTCTCAGTCTTGTTGGCCTAGGCACAG	129588364	ATGCCTGGTAAGTGC
WFS1	chr4	+	6279178	TGACCTTGACTTTTCTTCCAGGCAGGATGGACTCCAACACT	6279414	GGCACCGGTAAGGGA
WFS1	chr4	+	6288820	TTTGTTTCTTCTGTGTTAAAGGGCCTACAAAGGGAGACATG	6288902	GACTGAGGTGAGGAC
WFS1	chr4	+	6290714	TGACTGGTGTCTGGCTTGCAGGTGGGGAAGCACTACCTGCA	6290858	AGAAGAGGTGGGTCT
WFS1	chr4	+	6292924	TGACCACATCCTATCCCTCAGGCATCACGTCCGAGAACGAA	6293094	GAGCACGGTGCGAGG
WFS1	chr4	+	6293644	AATCCACCCTGTCCCCTGCAGATGGAGGGGCGCAGCCAGGC	6293724	AGCGAGTGTGAGTGC
WFS1	chr4	+	6296768	CTGTTTTCTCTCATGCTTCAGCCAAGAACTACATCGCGCTG	6296916	TCTGAAGGTGAGTGA
WFS1	chr4	+	6302384	CACGTACCATCTTTCCCCCAGGTGGTCAAGTACCCCCTGCA	6304992	ACCTGCAGCGCTTTC
APTX	chr9	-	32989757	CTTTTGTTTTGTCCCTTAGAGTGATGATGCGGGTGTGCTGG	32989893	GACAGCAAGGTAACT
APTX	chr9	-	32985969	ttttttgttttttttttAGGAATCCCTGGGCCACTGGAGTC	32986028	AAAATGCAGGTCAGA
APTX	chr9	-	32984629	TCTTGTATCCCTCTGCTAGGTTTACAAAGATGAGCAGGTGG	32984855	GAGTATGAGGTAAGC
APTX	chr9	-	32974456	TTTTTTTTCTTTCAACTAGCCATGTACATCTTCATGTGATC	32974559	AATCACAAGGTAAAC
SGCE	chr7	-	94285302	CCCGCCGCTAGAGGGAGTACGGGATTACCGAGGGGGTGCGG	94285521	TGCTGACAGGTTAGT
SGCE	chr7	-	94259031	CTTTCCTCTTTGTTTTCAGTGTACAGTATTTTCTCCAAGGT	94259153	CAAAACCTGGTATGT
SGCE	chr7	-	94257514	TTCTCTGTTTCTTATCTAGGCGAGATTAGTAATGATCCCAT	94257671	ATCATTGAGGTAATT
SGCE	chr7	-	94252637	GGTTTTCCTTTTATAATAGATAACTGCCTACAACAGGCGCA	94252709	CTGCAGAAGGTAGGT
SGCE	chr7	-	94248070	CCTTTTTCACCAAAATTAGACTTCCCGTTGCCATATCAAGC	94248268	GAAGGAGGGGTAAGC
SGCE	chr7	-	94232602	GAGTTTCACATTTTTACAGCGTTTATGTCATGGTTGGTGCA	94232764	ATTTCATTGGTAAGT
SGCE	chr7	-	94229958	TTGTCTTCTTTTATATCAGGTTGATAAAACAAAGCAAGTGT	94230169	GGAAGGCGTGTGAGT
SGCE	chr7	-	94228087	TTATTTCTTTTTGACCTAGCATCCAACTGGTCCATCACAGT	94228275	AACGCAGCAGTAAGT
SGCE	chr7	-	94218001	AAATGTTCATCATTTCTAGGAACTTGCCACATCAGACTCAG	94218044	AGACTACAGGTGAGT
RYR1	chr19	+	38993147	TGTCCTCACCCTGCGCCCTAGGCCACTTTCAGCACCACCGA	38993367	TCTGCAGGTGGAGCG
RYR1	chr19	+	38993520	ATCTTGTGCATTGTCCCGCAGGTACATCCGCCCGTCGATGC	38993610	ACTCAAGGTGAGGGC
RYR1	chr19	+	38994860	CCCCCTCTTGTTCCCACCCAGCTCCTCACCAACCACTATGA	38995000	CCATAAGGTCTGGGC
RYR1	chr19	+	38995388	TGCTTCACCCGGTTTTCCCAGAAATACGACCCGGAGCTGTA	38995551	CCCTCAAGTGAGGCC
RYR1	chr19	+	38995643	CTGACCCTGTGCCCCCAACAGTGTGATCATCCCGGAGAAGC	38995721	CGACAAGGTTGGCCT
RYR1	chr19	+	38995949	CTGCCTCCCCTCCATCTCTAGATCCAGAACAACTGGTCCTA	38996038	AGAGAAGGTGACCAG
RYR1	chr19	+	38996446	CCACCCTCCTGTCCACCCCAGGACAAAGAGATTTACCGCTG	38996586	TGCCCAGGTGAAGGC
RYR1	chr19	+	38996943	ATCTTCCCCTTGTCCTCTCAGACCTATGATCCTCGAGAAGG	38997017	GCTGCAGGTGAGAGC
RYR1	chr19	+	38997111	TGACTCTGCATCCACTCCCAGGCCATGGCAGAACAACTGGC	38997186	gccaaaggtgagggc
RYR1	chr19	+	38997469	TTCTGGTCTTTGCCTCCCCAGGCGGTGGGACCCACCCCCTG	38997592	TTACAAGGCACGCGG
RYR1	chr19	+	38998352	TCTCTCCACATCTCCATGCAGAGGCCTTAAGGACATGGAAC	38998467	CACCTGGGTACGGAG
RYR1	chr19	+	39001138	CCCTATTTGCCCTCCCTACAGAGGCTGTGGTCAGCAGTGGG	39001205	TGCCAAGGTGAGAGG
RYR1	chr19	+	39001300	TCTCCCCCAACCCGTCTCCAGATCCTGCTCCCTTTGATCAA	39001421	TCACCAGGTGGGCCG
RYR1	chr19	+	39002885	GTTCCCCCGCTGCCCTTCTAGGACAGTGATGAAGTCAGGCC	39003123	GTCATCCGTAAGGGC
BRCA1	chr17	-	41256885	TCAAACAATTTAATTTCAGGAGCCTACAAGAAAGTACGAGA	41256973	GTTTGGAGTGTAAGT
BRCA1	chr17	-	41256139	TTTCCCTTGTATTTTACAGATGCAAACAGCTATAATTTTGC	41256278	CCTTCCTTGGTAAAA
BRCA1	chr17	-	41251792	TCTTTACCATACTGTTTAGCAGGAAACCAGTCTCAGTGTCC	41251897	TTGAATTGGGTAAGG
BRCA1	chr17	-	41249261	TTGGGGGGAAATTTTTTAGGATCTGATTCTTCTGAAGATAC	41249306	TTATTGCAGGTGAGT
BRCA1	chr17	-	41247863	CTCTGTCTTTTCCCTATAGTGTGGGAGATCAAGAATTGTTA	41247939	CAAAAAAGGGTAATG
BRCA1	chr17	-	41242961	TCTGTTTTTGTTATTTAAGGTGAAGCAGCATCTGGGTGTGA	41243049	ACCACTCAGGTAAAA
BRCA1	chr17	-	41234421	CCATTTATCGTTTTTGAAGCAGAGGGATACCATGCAACATA	41234592	CAGAAAAAGGTGTGT
BRCA1	chr17	-	41228505	CTCATTCCATTTAAAGCAGTATTAACTTCACAGAAAAGTAG	41228628	AGTGGAAAGGTAAGA
BRCA1	chr17	-	41226348	CTTCCATTTATCTTTCTAGGTCATCCCCTTCTAAATGCCCA	41226538	AAGATCTAGGTAATA
BRCA1	chr17	-	41222945	CTTCTCCCATTCCTTTCAGAGGGAACCCCTTACCTGGAATC	41223255	GAAGAATTTGTGAGT
BRCA1	chr17	-	41219625	ATATTTGATTTAATTTCAGATGCTCGTGTACAAGTTTGCCA	41219712	TGAAAACAGGTATAC
BRCA1	chr17	-	41215891	AGTGTTTTTCATTCTGCAGATGCTGAGTTTGTGTGTGAACG	41215968	GCTATTTCTGTAAGT
PDHA1	chrX	+	19362011	GGTTGGCCCGCGGCCCGGCGCAGCGCATGACGTTATTACGA	19362212	GAAGCCGGTGAGACC
PDHA1	chrX	+	19367430	TGTATATTTTTGTCTTTTAAGGCAAGCAGAGTGCTGGTAGC	19367489	AATTAAGGTAAGAGG
PDHA1	chrX	+	19368055	AACTACCTTATTCCATTTCAGAAATGTGACCTTCACCGGCT	19368228	TGGTCAGGTGAGTGG
PDHA1	chrX	+	19371200	TGTATGTTCTGCCATTTCCAGGACGAAAAGGAGGTTGTGCT	19371291	AGCGCAGGTAGTCAA
PDHA1	chrX	+	19373467	CCTTTTCGTAACTACTTCCAGGGCCAGATATTCGAAGCTTA	19373622	GCTGAGAGTAAGGAC
PDHA1	chrX	+	19373804	CCCTCCCCTGTTTATTACCAGGTGGATGGAATGGATATCCT	19373875	TGGGAAGGTAAGGCT
PDHA1	chrX	+	19375770	TGCCTACCGGTTCTGTTTTAGGGGCCCATCCTGATGGAGCT	19375837	GAGTCAGGTACGCTC
PDHA1	chrX	+	19377034	ACTACTTTTCCCTCCCCATAGTTACCGTACACGAGAAGAAA	19377142	ACTAAAGGTACAGTC
PDHA1	chrX	+	19377607	ACACTGTTACCTAATTTTTAGGAAATTGATGTGGAAGTGAG	19379825	AGATGAATTAACCCT
ATP7B	chr13	-	52544628	TTCTGACATTTTATCCTAGAAAGCTGTTCTACTAACCCTCT	52544885	AAGAAGCTGGTAAGA
ATP7B	chr13	-	52542580	CATGACCTGATGGTTCCAGGTGTTCTCTCCGTGTTGGTTGC	52542743	GAGCTGACAGTAAGT
ATP7B	chr13	-	52539008	TTGCCATCCTGTGTTGCAGATCACAGGGATGACCTGCGCGT	52539169	ATTATTGAGGTAAGT
ATP7B	chr13	-	52524408	TAAGTGGCGTTTGTTGCAGGGAGGAGCAAGTCCCCATGGAG	52524535	TCATCACAGGTGAGA
ATP7B	chr13	-	52524143	GTCTCTTTCCTACGTCTAGGAGAAGCCATGCCAGTCACTAA	52524297	ATGTCAAAGGTAATG
ATP7B	chr13	-	52520420	GACTCTGTCCTGTTTTCAGAACCCCAACAAGCACATCTCCC	52520614	GCGCACAAGGTCAGC
ATP7B	chr13	-	52518245	TTGTGGTTGTTTTTGGCAGATAAAGACTGTGATGTTTGACA	52518427	TGTAAAGAGGTACGT
ATP7B	chr13	-	52516522	TCTCTTTCCACCTTCCCAGGAACTTGGAACAGAGACCTTGG	52516690	CAGAAAAAGGTATTG
ATP7B	chr13	-	52515217	CACAGCCTCTTTTGAATAGATGCAGTCCCCCAGACCTTCTC	52515360	CTATTGACGGTATCT
ATP7B	chr13	-	52513187	GCTGGCTGGTTCGCTCCAGGTGTGCTCTGTGGGATGATCGC	52513329	GCCACCCAGGTACAG
ATP7B	chr13	-	52511612	TGCCTTCCTTTTGTCTTAGGTTGGCATCAACAAAGTCTTTG	52511815	CTTATCAGAGTGAGC
ATP7B	chr13	-	52511412	GTGTGCTCCTCTCCATCAGAATGATTTGCTGGATGTGGTGG	52511529	TTGCAGCAGGTAGGC
SLC25A22	chr11	-	794987	CATTCCCTCATCCTTCTAGGACAGAAGTGGCGGTTGCTGAC	795169	GCAGATCAGGTCAGA
SLC25A22	chr11	-	794776	GACACCCCTGTCCACACAGCCTGCCAGCCAAGCTCATCAAT	794901	CACGAGCATGTGAGT
SLC25A22	chr11	-	794458	CCTGTCCCCTTGGCCACAGGTCCGACTGCCTCATCAAGACC	794513	TGTACCGGGGTGAGG
SLC25A22	chr11	-	793529	CTGACCCCCTGCCCCACAGGAGCTGCTGTGAACTTGACCCT	793619	TAAGGACGGGTGAGG
SLC25A22	chr11	-	792870	GGCCCCGCCCCTACCACAGGCAGAAGCTGACCCTGCTTAAA	792988	GGCGCATTggtgagg
SLC25A22	chr11	-	792553	GCAGCCTCTTTGTCCCCAGCCGCCCAGAGGAAGATCCTGGC	792727	GCTGCTCAGGTAGGA
SLC25A22	chr11	-	792304	GCCACCTCCCTCCCCACAGGGATGTCCCCTTCTCTGTGGTG	792458	CCTGTGATGGTCAGT
SLC25A22	chr11	-	792142	ACCCGAGCGCCCCTTGCAGTGGTGAAGACGCGGCTCCAGTC	792217	CTGTGCCAGGTGGGG
SLC25A22	chr11	-	790475	TTTCGTCCTTCCTCCACAGGAAGATCCTGCGGCACGAGGGC	792068	CTAAGTAGATGCTGC
TNNT1	chr19	-	55658494	TCTTCTCTCTGGTCCTTAGGCCGCACCAGGATGTCGGACAC	55658536	ATATGAGGAGTGAGT
TNNT1	chr19	-	55658049	TCTGTGCCCCCATCTCCAGAGGAGGCTGCGGAGGAGGAGGA	55658075	AGGAGGAAGGTGAGG
TNNT1	chr19	-	55656912	TATCCCCCACCACCAACAGAAGAGGAACGCCCCAAACCAAG	55656933	CAAACCAAGGTGAGA
TNNT1	chr19	-	55653225	TGTGTTTCTGTCCACTCAGCCGCCCCGTGGTGCCTCCTTTG	55653288	GACTTCGATGTAAGT
TNNT1	chr19	-	55652554	CTGCCCGTGTGTCCTGCAGGACATCCACCGCAAGCGCATGG	55652670	GAGCGCATTGTGAGC
TNNT1	chr19	-	55652251	ATGCTTCTCCGTTTCCCAGGAGCGGCGCCGGTCAGAGAGAG	55652328	AAGCTGGCGGTGGGT
TNNT1	chr19	-	55649329	AACCCCTTACTTCCCACAGGAGGAGAAGATGAGGAAGGAAG	55649442	CTGGTCAAGGTGAGT
TNNT1	chr19	-	55648471	CCGCCTCCCCCACCCTCAGGCAGAACAGAAGCGTGGTAAGC	55648580	ACAGCTCCGGTAGGT
TNNT1	chr19	-	55645255	CTGTCTTCTGCCTCCGCAGATCAACGTGCTGTACAACCGCA	55645295	CCAGAAGTTGTGAGT
TNNT1	chr19	-	55644161	CCACCTCATTCTTCTACAGCCGTAAGGGGGCAGGGAAGGGC	55644328	TGAGATGCAGCTGGT