Gene	Chromosome	Strand	Exon_start	Acceptor_seq	Exon_end	Donor_seq
FKTN	chr9	+	108382215	AGGTTTTCATCTTCCCCATAGGTAGAAGACAGCTTGGAACT	108382342	AATTCAAGTATGAAT
FKTN	chr9	+	108358879	GTTCTTTTGTTGTCTTCCTAGAATGGAGCTGGTTTGTCAAA	108358938	ACAGTGGGTATGTAG
FKTN	chr9	+	108363426	AATTCTTTTTCTCTCAAACAGCGTGCAGTTAAAAAATTTAT	108363629	GAATGAGGTAAGTGA
FKTN	chr9	+	108380240	AAAATTTAATCTTCTTTTTAGGATGGTATCGACAATGCAAC	108380373	TGGGAAGGTCAGTAA
FKTN	chr9	+	108377559	GACTATTTATTATATCTGTAGCAGTACCTTGATGATAACAC	108377688	TGTCTAGGTAAAATT
FKTN	chr9	+	108320411	GCGGCGGTTGCTGTGAGTGCCGTAAAGCGGAGCGGCTGCAG	108320446	GAGTGAGGTAAGGTA
FKTN	chr9	+	108337226	AAATATCTTTTTTGTTCACAGAAAACAAAATTATCTTCCTT	108337418	AACAAAGGTAATTTT
FKTN	chr9	+	108370100	AATCTTAACTTTTGTTTTCAGGCCAGAGTTACAGCAAGTTA	108370232	CTTTCAGGTTAGAGA
FKTN	chr9	+	108366496	TTGATGCTTCTTTGGTTCTAGGAAGGCTGGTTTCGGATAGC	108366773	TTGACAGGTAAGTTC
PLP1	chrX	+	103044262	TCCTCTTTCATTTTCCTGCAGTTCCAAATGACCTTCCACCT	103044327	TTCCCTGGTGAGTTG
PLP1	chrX	+	103042727	ACCCCATGTCAATCATTTTAGTTTGTGGGCATCACCTATGC	103042895	ATGTATGGTGAGTTA
PLP1	chrX	+	103040511	TTTCCCCTTCTTCTTCCCCAGGCTTGTTAGAGTGCTGTGCA	103040697	TCAATGTGTAAGTAC
PLP1	chrX	+	103045455	TCTCTCTTCTGTTCCCTACAGCTCACCTTCATGATTGCTGC	103047548	AATCAAACATCGTGT
PLP1	chrX	+	103043366	TGCTTTTTGTGTCTTACTTAGGTGTTCTCCCATGGAATGCT	103043439	AGCTGAGGTGAGTGG
ATP7B	chr13	-	52539008	TTGCCATCCTGTGTTGCAGATCACAGGGATGACCTGCGCGT	52539169	ATTATTGAGGTAAGT
ATP7B	chr13	-	52585423	GTCCCAAATGAAGGGGCGGTTCCCGGACCCCTGTTTGCTTT	52585630	AGTCGGAAAGTGAGT
ATP7B	chr13	-	52542580	CATGACCTGATGGTTCCAGGTGTTCTCTCCGTGTTGGTTGC	52542743	GAGCTGACAGTAAGT
ATP7B	chr13	-	52513187	GCTGGCTGGTTCGCTCCAGGTGTGCTCTGTGGGATGATCGC	52513329	GCCACCCAGGTACAG
ATP7B	chr13	-	52518245	TTGTGGTTGTTTTTGGCAGATAAAGACTGTGATGTTTGACA	52518427	TGTAAAGAGGTACGT
ATP7B	chr13	-	52531652	CATTCTGGTTATTTCCTAGAGCAAAACCTCAGAAGCCCTGG	52531743	AATCATCAGGTGAGT
ATP7B	chr13	-	52515217	CACAGCCTCTTTTGAATAGATGCAGTCCCCCAGACCTTCTC	52515360	CTATTGACGGTATCT
ATP7B	chr13	-	52506805	TTGCGTTCCTGCTTTCCAGCTATAAGAAGCCTGACCTGGAG	52509165	CTCTAAAAATCTGCC
ATP7B	chr13	-	52520420	GACTCTGTCCTGTTTTCAGAACCCCAACAAGCACATCTCCC	52520614	GCGCACAAGGTCAGC
ATP7B	chr13	-	52524143	GTCTCTTTCCTACGTCTAGGAGAAGCCATGCCAGTCACTAA	52524297	ATGTCAAAGGTAATG
ATP7B	chr13	-	52524408	TAAGTGGCGTTTGTTGCAGGGAGGAGCAAGTCCCCATGGAG	52524535	TCATCACAGGTGAGA
ATP7B	chr13	-	52511612	TGCCTTCCTTTTGTCTTAGGTTGGCATCAACAAAGTCTTTG	52511815	CTTATCAGAGTGAGC
ATP7B	chr13	-	52544628	TTCTGACATTTTATCCTAGAAAGCTGTTCTACTAACCCTCT	52544885	AAGAAGCTGGTAAGA
ATP7B	chr13	-	52509729	CGAGTTCTTTCTTCCCCAGGTGTCTTCATGCCCATCGGCAT	52509831	GCTCAAGTGGTGAGT
ATP7B	chr13	-	52516522	TCTCTTTCCACCTTCCCAGGAACTTGGAACAGAGACCTTGG	52516690	CAGAAAAAGGTATTG
ATP7B	chr13	-	52511412	GTGTGCTCCTCTCCATCAGAATGATTTGCTGGATGTGGTGG	52511529	TTGCAGCAGGTAGGC
TNNT1	chr19	-	55652554	CTGCCCGTGTGTCCTGCAGGACATCCACCGCAAGCGCATGG	55652670	GAGCGCATTGTGAGC
TNNT1	chr19	-	55658049	TCTGTGCCCCCATCTCCAGAGGAGGCTGCGGAGGAGGAGGA	55658075	AGGAGGAAGGTGAGG
TNNT1	chr19	-	55652251	ATGCTTCTCCGTTTCCCAGGAGCGGCGCCGGTCAGAGAGAG	55652328	AAGCTGGCGGTGGGT
TNNT1	chr19	-	55656912	TATCCCCCACCACCAACAGAAGAGGAACGCCCCAAACCAAG	55656933	CAAACCAAGGTGAGA
TNNT1	chr19	-	55645255	CTGTCTTCTGCCTCCGCAGATCAACGTGCTGTACAACCGCA	55645295	CCAGAAGTTGTGAGT
TNNT1	chr19	-	55644161	CCACCTCATTCTTCTACAGCCGTAAGGGGGCAGGGAAGGGC	55644328	TGAGATGCAGCTGGT
TNNT1	chr19	-	55648471	CCGCCTCCCCCACCCTCAGGCAGAACAGAAGCGTGGTAAGC	55648580	ACAGCTCCGGTAGGT
TNNT1	chr19	-	55658494	TCTTCTCTCTGGTCCTTAGGCCGCACCAGGATGTCGGACAC	55658536	ATATGAGGAGTGAGT
TNNT1	chr19	-	55653225	TGTGTTTCTGTCCACTCAGCCGCCCCGTGGTGCCTCCTTTG	55653288	GACTTCGATGTAAGT
TNNT1	chr19	-	55660529	GGGGCGGGCCCGAGCCTCCAGCTATAAACTCCCCGGAGCTT	55660606	ACAGCCTAGGTAAGG
TNNT1	chr19	-	55649329	AACCCCTTACTTCCCACAGGAGGAGAAGATGAGGAAGGAAG	55649442	CTGGTCAAGGTGAGT
TNNT1	chr19	-	55658376	TCCCCACACCCGTCCGCAGGGAGCAGCCGGAAGGTGAGTAG	55658389	AGCCGGAAGGTGAGT
SGCE	chr7	-	94232602	GAGTTTCACATTTTTACAGCGTTTATGTCATGGTTGGTGCA	94232764	ATTTCATTGGTAAGT
SGCE	chr7	-	94257514	TTCTCTGTTTCTTATCTAGGCGAGATTAGTAATGATCCCAT	94257671	ATCATTGAGGTAATT
SGCE	chr7	-	94228087	TTATTTCTTTTTGACCTAGCATCCAACTGGTCCATCACAGT	94228275	AACGCAGCAGTAAGT
SGCE	chr7	-	94259031	CTTTCCTCTTTGTTTTCAGTGTACAGTATTTTCTCCAAGGT	94259153	CAAAACCTGGTATGT
SGCE	chr7	-	94248070	CCTTTTTCACCAAAATTAGACTTCCCGTTGCCATATCAAGC	94248268	GAAGGAGGGGTAAGC
SGCE	chr7	-	94229958	TTGTCTTCTTTTATATCAGGTTGATAAAACAAAGCAAGTGT	94230169	GGAAGGCGTGTGAGT
SGCE	chr7	-	94214536	TCATTCTTACACATTGCAGGTAAATGGTATCCCTGAAGAAA	94214827	GAAGCCTAATGACTG
SGCE	chr7	-	94218001	AAATGTTCATCATTTCTAGGAACTTGCCACATCAGACTCAG	94218044	AGACTACAGGTGAGT
SGCE	chr7	-	94285302	CCCGCCGCTAGAGGGAGTACGGGATTACCGAGGGGGTGCGG	94285521	TGCTGACAGGTTAGT
SGCE	chr7	-	94252637	GGTTTTCCTTTTATAATAGATAACTGCCTACAACAGGCGCA	94252709	CTGCAGAAGGTAGGT
PLA2G6	chr22	-	38516766	CTGACCCCTTTGTTCCTAGGTAAGTCCATGGCCTACATGCG	38516916	GAAACCCAAGTAAGC
PLA2G6	chr22	-	38507502	TCCTCCCTGGCCCGAACAGATTGAACCCCCAGCTGGGGACG	38508312	TCAAGTTCACCTGTG
PLA2G6	chr22	-	38541445	CTCTGTCCTGGCTCTACAGACTCTTCCAGCTGGAGTTGGAG	38541660	TATCATCAGGTGAGC
PLA2G6	chr22	-	38528838	GCCTGACCGTCTCCCGCAGATGGCCCGCATGCTGCTGAAAC	38529020	GCCATGTCGGTGAGC
PLA2G6	chr22	-	38522378	CCTGCTCTGTGCCTCACAGAACTACAGGATCTCATGCACAT	38522456	GAAGCGGACGTAAGT
PLA2G6	chr22	-	38508511	CAAGGCTGCTTCTCACCAGTGCACGGATCCAGACGGGCGGG	38508584	GTACTTCAGGTGAGG
PLA2G6	chr22	-	38525461	CTCTCTCCATCTCCAACAGAAAGACAACGTGGAGATGATCA	38525569	TCGGCAGACGTATGT
PLA2G6	chr22	-	38509494	CCTGTCCTGTTCCCAACAGGGTCAGGCCAACAAGGTGAAGA	38509661	GTGGACTGTGTGAGT
PLA2G6	chr22	-	38565225	AGACCTCGTTTTCTTCCAGACAGAGGGGGAAGACGGTGGGG	38565478	TGGATTCCGGTGGGT
PLA2G6	chr22	-	38511534	CCTCCTTCCCCGCCCCTAGACCAGCTGGTGTGGCGGGCGGC	38511688	ATCCGCAAGGTGAGT
PLA2G6	chr22	-	38519102	ACTGCTGTTCCCACTGCAGCCACGACCACCTGCTGTGCCTG	38519265	TTCTGCACAGTGAGG
PLA2G6	chr22	-	38539112	CCCTGGCCCTCTCCTGCAGCTGTGCCAATTGCGCGGAGAAC	38539295	GTGCTGCAGGTGAGC
PLA2G6	chr22	-	38512082	CTGCCTCATTTCTCTCCAGGGTGATGCTGACAGGGACACTG	38512218	AGCCCTCAGGTTTAA
PLA2G6	chr22	-	38535989	TCCCTTCCTCTTTCATCAGCTCCTTGGAAGGAACGCAGTGG	38536176	TCAGAAGGGGTAAGA
PLA2G6	chr22	-	38530995	GGGGCCCCTCTCTCACCAGGTGTGCGGAGATGATCATCAGC	38531091	AACGCAGAGGTGAGT
CAPN3	chr15	+	42702129	CACTCTTCTCCATCCCCCCAGACAAGGACCTGAAGACACAC	42702193	CATGGATGTATCCTT
CAPN3	chr15	+	42701985	CTCCTCTCCCTTCCTCCTCAGGACATGGAGATCTGTGCAGA	42702042	AACAAACGTGAGTTG
CAPN3	chr15	+	42703945	TGATCTTGGGACTTCTTTCAGTGGCTGCAGCTCACCATGTA	42704515	GCTGGTCCCCTTGTG
CAPN3	chr15	+	42701501	TTTTCCTTTGTGCCTCCACAGCCACAGCCTGGCAGCTCTGA	42701578	AGGAGATGTGAGTAC
CAPN3	chr15	+	42702626	GCCCTGACCTCCCTCCTCCAGACAGATGGCTCTGGAAAGCT	42702694	CTGGCAGGTGGGAAG
CAPN3	chr15	+	42703485	GGCCTGTGCATTCTTTCACAGGAGCTTTTCATGCATTTGAC	42703543	TCTGGAGGTAAAGCA
CAPN3	chr15	+	42703082	CTAACATGGTCCCCTCCACAGGATTCCACCTCAACAACCAG	42703198	ATGTTCAGTAAGTGG
CAPN3	chr15	+	42702786	CCTCAAATTTTCTATTGCCAGAAAATTTTCAAACACTATGA	42702864	GACGCAGGTGCTGAG
BRCA1	chr17	-	41209069	TGTGTTTGGTTTCTTTCAGCATGATTTTGAAGTCAGAGGAG	41209152	GACAGAAAGGTAAAG
BRCA1	chr17	-	41222945	CTTCTCCCATTCCTTTCAGAGGGAACCCCTTACCTGGAATC	41223255	GAAGAATTTGTGAGT
BRCA1	chr17	-	41251792	TCTTTACCATACTGTTTAGCAGGAAACCAGTCTCAGTGTCC	41251897	TTGAATTGGGTAAGG
BRCA1	chr17	-	41199660	TTCCTTCCTGGGGATCCAGGGTGTCCACCCAATTGTGGTTG	41199720	GCTTCCATGGTAAGG
BRCA1	chr17	-	41256885	TCAAACAATTTAATTTCAGGAGCCTACAAGAAAGTACGAGA	41256973	GTTTGGAGTGTAAGT
BRCA1	chr17	-	41234421	CCATTTATCGTTTTTGAAGCAGAGGGATACCATGCAACATA	41234592	CAGAAAAAGGTGTGT
BRCA1	chr17	-	41256139	TTTCCCTTGTATTTTACAGATGCAAACAGCTATAATTTTGC	41256278	CCTTCCTTGGTAAAA
BRCA1	chr17	-	41215891	AGTGTTTTTCATTCTGCAGATGCTGAGTTTGTGTGTGAACG	41215968	GCTATTTCTGTAAGT
BRCA1	chr17	-	41242961	TCTGTTTTTGTTATTTAAGGTGAAGCAGCATCTGGGTGTGA	41243049	ACCACTCAGGTAAAA
BRCA1	chr17	-	41249261	TTGGGGGGAAATTTTTTAGGATCTGATTCTTCTGAAGATAC	41249306	TTATTGCAGGTGAGT
BRCA1	chr17	-	41276034	TTTTTCTAATGTGTTAAAGTTCATTGGAACAGAAAGAAATG	41276132	TCCCATCTGGTAAGT
BRCA1	chr17	-	41226348	CTTCCATTTATCTTTCTAGGTCATCCCCTTCTAAATGCCCA	41226538	AAGATCTAGGTAATA
BRCA1	chr17	-	41247863	CTCTGTCTTTTCCCTATAGTGTGGGAGATCAAGAATTGTTA	41247939	CAAAAAAGGGTAATG
BRCA1	chr17	-	41196312	TTGTGTTCTCTGTCTCCAGCAATTGGGCAGATGTGTGAGGC	41197819	ACACTTCCACCATGA
BRCA1	chr17	-	41258473	CTTTCTTTATAATTTATAGATTTTGCATGCTGAAACTTCTC	41258550	AACCAAAAGGTATAT
BRCA1	chr17	-	41203080	TCTTCCTCTCTTCTTCCAGATCTTCAGGGGGCTAGAAATCT	41203134	TGCCCACAGGTAAGA
BRCA1	chr17	-	41219625	ATATTTGATTTAATTTCAGATGCTCGTGTACAAGTTTGCCA	41219712	TGAAAACAGGTATAC
BRCA1	chr17	-	41215350	TTTTCTATGATCTCTTTAGGGGTGACCCAGTCTATTAAAGA	41215390	CTGAATGAGGTAAGT
PDHA1	chrX	+	19377607	ACACTGTTACCTAATTTTTAGGAAATTGATGTGGAAGTGAG	19379825	AGATGAATTAACCCT
PDHA1	chrX	+	19367430	TGTATATTTTTGTCTTTTAAGGCAAGCAGAGTGCTGGTAGC	19367489	AATTAAGGTAAGAGG
PDHA1	chrX	+	19371200	TGTATGTTCTGCCATTTCCAGGACGAAAAGGAGGTTGTGCT	19371291	AGCGCAGGTAGTCAA
PDHA1	chrX	+	19373467	CCTTTTCGTAACTACTTCCAGGGCCAGATATTCGAAGCTTA	19373622	GCTGAGAGTAAGGAC
PDHA1	chrX	+	19377034	ACTACTTTTCCCTCCCCATAGTTACCGTACACGAGAAGAAA	19377142	ACTAAAGGTACAGTC
PDHA1	chrX	+	19362011	GGTTGGCCCGCGGCCCGGCGCAGCGCATGACGTTATTACGA	19362212	GAAGCCGGTGAGACC
PDHA1	chrX	+	19373804	CCCTCCCCTGTTTATTACCAGGTGGATGGAATGGATATCCT	19373875	TGGGAAGGTAAGGCT
PDHA1	chrX	+	19375770	TGCCTACCGGTTCTGTTTTAGGGGCCCATCCTGATGGAGCT	19375837	GAGTCAGGTACGCTC
PDHA1	chrX	+	19368055	AACTACCTTATTCCATTTCAGAAATGTGACCTTCACCGGCT	19368228	TGGTCAGGTGAGTGG
DYSF	chr2	+	71795081	CTGTCCTTCTCTGGTACCCAGTATCCGATGGAGAAGGTGCC	71795212	TGAAACCGTGAGTAC
DYSF	chr2	+	71797359	CCTGTTCGGTTTTGTCCTTAGAACGGGGAGAAGGTGCTTCC	71797464	GAGCAAGGTGGGCAG
DYSF	chr2	+	71791188	CGACCACCACCCTCTGTTCAGCCCCAGAACAGCCTGCCGGA	71791343	TCTGAAAGTGAGTTT
DYSF	chr2	+	71829906	CATCCCATGGCTGTGGGCCAGGTGCAGGAGACATCAAGGAT	71829935	GGATGAGGTGAGCTG
DYSF	chr2	+	71795302	TCATTCTTCCTGGCCCTCCAGTATGAGAACGAGACTAAGTT	71795468	AGAAGACGTGAGTCG
DYSF	chr2	+	71883292	tctAATCCCCATGTGTGGCAGGTCTATGACACACAGCTGGA	71883420	ATTTAAGGTAAATCC
DYSF	chr2	+	71886008	TTAACCCTTCCTTCTTTTCAGGGCCTCTTCAAAATTTATCC	71886163	TGGAAAGGTAACTTT
DYSF	chr2	+	71828629	GCTCTCTTTTCTTCACTCCAGCCGGCCATCCACCATATTCC	71828658	TTTTGAGGTAAGTCT
DYSF	chr2	+	71901327	TCTGTTCCTCTTCCGGGTCAGGATGCCTTCTGGAGGCTGGA	71901426	TTTCTGGGTAAGCGC
DYSF	chr2	+	71838375	TCTACCTGCTGTCCACTGCAGTCTGAGGACACAGACCTGCC	71838476	CATCGAGGTGAGCCG
DYSF	chr2	+	71913584	CTGTCTCCTCCCTCCCTCCAGAACTATGCTGCCATGAAGCT	71913893	AACCACACAGCAGTG
DYSF	chr2	+	71742753	TTTCCTCCTTCTGGCTTTCAGATCAGGGTCCAGGTGATCGA	71742881	CAATGAGGTGGGAGA
DYSF	chr2	+	71825694	CCCCCTCTCCGGCCCATGCAGATCCCTATGCCATCGTCTCC	71825875	CACTTATGTGAGTCT
DYSF	chr2	+	71708013	TCCCTTTTGTGTCTCTTGTAGGGGTGAAGAAGAGAACCAAA	71708068	GAATGAGGTATGTGA
DYSF	chr2	+	71817341	CTGTTTTTTCCCTTGGTGAAGATGGGAACCGCTACCATCTA	71817418	TTTTCTGGTAGGTGG
DYSF	chr2	+	71762151	TCCCCTCCCTGTGTCTTCTAGCTGTGCAGCAAGATCTTGGA	71762219	TGCCATGGTGAGCCT
DYSF	chr2	+	71755428	CTGGTGTGTCCCTCTTCCCAGTGGACGATGCCGTGATGGAC	71755531	GAAAATGGTAAGGAG
DYSF	chr2	+	71780141	TGGTCTACTCTCTGCTCTCAGAAGTACCTTAGGAGGCGCAA	71780318	TTTGACGGTGAGGCA
DYSF	chr2	+	71747308	GTCTCCTCTCATTGATTGCAGATGGACGTGGGCACCATTTA	71747338	GAGCCCCGTGAGTTC
DYSF	chr2	+	71766287	CTCTCTGCTCCCTTGCTCTAGGGACCGCCTGACTCACAATG	71766369	ATAGAAGGTATGTTC
DYSF	chr2	+	71887690	GTGTTTTGTCTCCTCCTCCAGTGTGATCCTTACATCAAGAT	71887781	TTGGAAAGTAAATTG
DYSF	chr2	+	71738937	CCCACGTCTCATCTCTTCCAGGCCTCGCTGGTCCTGCAGGT	71739051	GTGGCAGGTGGGTAG
DYSF	chr2	+	71892292	TGTCTTGTGCTTGCTCCTCAGCTCTGGACCGAACCAGTGGC	71892434	GAGATAGGTGAGCTG
DYSF	chr2	+	71762398	ACGCCTCTATTCCTTCCTCAGTTTCCCTCCATGTGCGAAAA	71762441	TAGACTGGTGAGTTC
DYSF	chr2	+	71740846	ATTAGGGCCCTCTCCTCTTAGACACAGGAGGAGAGGAAGAC	71741051	TTTCCAGGTGATGAA
DYSF	chr2	+	71778737	GTGACCTGACCTCCCTGGCAGGGGGAAGGTGTGGCTTATCG	71778850	GGTGGAGGTGAGGGG
DYSF	chr2	+	71709009	CCTTTTCTCTTTTTCTTCCAGGGATTTGAATGGGACCTCAA	71709100	GGAACAGGTAAGGTG
DYSF	chr2	+	71780937	AGGCCCGTCTCTCCATTCCAGGGTGCCACTACTACTACCTA	71781061	CCGGCTGGTGAGTGA
DYSF	chr2	+	71778171	ATTGCCACTTGTGTCTCCCAGTGGATGACTACCTGGGCTTC	71778286	AGGCAAGGTAAGCCG
DYSF	chr2	+	71816723	TAACCAGCTTCGTGTCTCCAGGGCGGCGTGATGGATGACAA	71816816	TTCGACTGTAAGTGA
DYSF	chr2	+	71839771	CGTTCTTCCTCCTCCACCCAGATGCTGCCCAGGGAGGAGCT	71839936	GGCCCAGGTAGGGGA
DYSF	chr2	+	71894506	TTTGTCTTCTCTCTGGGGCAGAGGCTGGCAGGATCCCAAAC	71894645	CGAGCAGGTAGGACC
DYSF	chr2	+	71801328	TCTGCCCCTTCTCTTGTGCAGCACAGGCAGGCGGAGGCGGA	71801501	GGCCCTGGTATGTGG
DYSF	chr2	+	71783095	CCTTGCCTGCCCATTCCACAGGAAGCTGGCCTGGAGCAGGT	71783201	GCTGCAGGTAGGGGG
DYSF	chr2	+	71797729	GACCGGTTCCCCCTCCCCCAGGCTGGGAGTATAGCATCACC	71797871	GAAAAGGGTGAGCCA
DYSF	chr2	+	71891398	GGGAATCTGCCCCTCCTGCAGGATGTTCGAGCTGACCTGCA	71891568	ACTGTGTGTACGTGG
DYSF	chr2	+	71730344	TTGACTTCTCTCTCCTCTCAGGTTCCTGGGGGAAGCCAAGG	71730449	CACAGGGGTAAGTGC
DYSF	chr2	+	71747919	AGAGGATGTTGTCTCTCTTAGGGCACGCCTATCTCAGGAAG	71748034	AGCGCCTGTGAGTAC
DYSF	chr2	+	71788882	CCATCTGTCCGTCCCTCACAGCCAGCCTCTGGGTGACATCC	71789074	AGAGGAGGTAATTAA
DYSF	chr2	+	71871095	TCTTTCTTTCTACCCACTCAGGAGGAAGAGTTCATCGATTG	71871193	CCTGAAGGTAAGGCC
DYSF	chr2	+	71895884	GAACGGACCCTGTCTCCGCAGGGGAAGCTGCAGATGTGGGT	71895972	CCAGAAGGTGACTTG
DYSF	chr2	+	71838595	CTCCTCATTCTGTGTGCTTAGATCCTGGCATGGGGCCTGCG	71838756	GGAAGTGGTGAGCCC
DYSF	chr2	+	71796950	CTGACCAGCCCTCCTCCACAGTCTGCTCCATGACATGGACG	71797064	CGATGTGGTAAAGCA
DYSF	chr2	+	71744119	TTCCATGATCTTTCTCTGCAGGTGGTAGACTCTCGTTCTCT	71744169	GTTCCGGGTAATTGC
DYSF	chr2	+	71827832	GTCTCTCTACGCTTGGTCTAGGGTGCAGACGAGTTTATGGG	71827972	AGAGAAGGTGAGGCT
DYSF	chr2	+	71896242	TAGAGTGATACCTTTCCCCAGGTTTTTCCTGCGTTGTATTA	71896337	TGAAAGGGTAGGGAG
DYSF	chr2	+	71743310	CTCTTTGCTCTGAACCAACAGACTCTTTTCTTCAACTTGTT	71743372	TATCACGGTATGTCT
DYSF	chr2	+	71896735	TCTAAAAACATGTATGTCTAGTTGGATGATTGGCTTTGAAG	71896876	CAAGAAGGTCAGTGT
DYSF	chr2	+	71909660	CCTCCGGGATCTCGCTTCCAGGCGCCCCGACACCTCCTTCC	71909807	CTTCCCGGTGAGCAG
DYSF	chr2	+	71908131	AAGTGCTCTCTGTCCCCTCAGGGCAAGCTGGAAATGACCTT	71908240	ACCCAAGGTCAGTGC
DYSF	chr2	+	71906187	AAAACTACCTCTCTGTTGCAGGCTCCCTGCAGCTCGATCTC	71906365	ACTGGCGGTAAGTCT
DYSF	chr2	+	71840464	GGATGGCTCCCTCCCCTGCAGACGATGTGAGCCTACTCAGT	71840540	CATCCAGGTAGGATG
DYSF	chr2	+	71753350	CGTATTTGGTTTTCTTTGTAGCTGGAGAGAAAAGACCCCTC	71753476	CCGCAGAGTGCGTGG
SLC25A22	chr11	-	792142	ACCCGAGCGCCCCTTGCAGTGGTGAAGACGCGGCTCCAGTC	792217	CTGTGCCAGGTGGGG
SLC25A22	chr11	-	794458	CCTGTCCCCTTGGCCACAGGTCCGACTGCCTCATCAAGACC	794513	TGTACCGGGGTGAGG
SLC25A22	chr11	-	792304	GCCACCTCCCTCCCCACAGGGATGTCCCCTTCTCTGTGGTG	792458	CCTGTGATGGTCAGT
SLC25A22	chr11	-	794776	GACACCCCTGTCCACACAGCCTGCCAGCCAAGCTCATCAAT	794901	CACGAGCATGTGAGT
SLC25A22	chr11	-	794987	CATTCCCTCATCCTTCTAGGACAGAAGTGGCGGTTGCTGAC	795169	GCAGATCAGGTCAGA
SLC25A22	chr11	-	793529	CTGACCCCCTGCCCCACAGGAGCTGCTGTGAACTTGACCCT	793619	TAAGGACGGGTGAGG
SLC25A22	chr11	-	790475	TTTCGTCCTTCCTCCACAGGAAGATCCTGCGGCACGAGGGC	792068	CTAAGTAGATGCTGC
SLC25A22	chr11	-	792553	GCAGCCTCTTTGTCCCCAGCCGCCCAGAGGAAGATCCTGGC	792727	GCTGCTCAGGTAGGA
SLC25A22	chr11	-	792870	GGCCCCGCCCCTACCACAGGCAGAAGCTGACCCTGCTTAAA	792988	GGCGCATTggtgagg
ALDH7A1	chr5	-	125885621	TGCCTCCCTTTTTACACAGACCTAAAGGATCAGACTGTGGC	125885694	GTGCCTTTGGTACGT
ALDH7A1	chr5	-	125929043	ATCATCCTTTTGTTTTAAGGTTATTACGACCTATTGCCCTG	125929096	GTCCGACAGGTAAGA
ALDH7A1	chr5	-	125894932	GTGTTTGTGCTTTCCTAAGCCTTTGAAGATGCAGACCTCAG	125895026	AGGCGACTGGTGAGT
ALDH7A1	chr5	-	125930699	CAGCAGCCCACTCCTCCCTGTAGCACTCCCATTGTTCCAGG	125931082	CGGGGAGAGGTACGC
ALDH7A1	chr5	-	125896775	ataatttttttCTTTTAAGGGAGAAGTCTGTTGGAACTTGG	125896816	CCATTATTGGTAAGG
ALDH7A1	chr5	-	125928356	CCCCTAATTCTTAATTTAGGCCAGTGTGGCAGACTATGAAG	125928421	TGGGCAGATGTAAGT
ALDH7A1	chr5	-	125918543	TGTCGTTTTATATTTCTAGGTGTCTTTGGAGATGGGGAAAA	125918666	CTTCTGAAAGTAAGC
ALDH7A1	chr5	-	125882016	TTATTTTTTATTTCTCTAGGAGGAGAAAAGCACACTGGTGG	125882091	GTCTACTTGGTAAGA
ALDH7A1	chr5	-	125912771	ATCCTTTTTCTGTCCTCAGGATCTGGCCATGCACTGATTGA	125912903	CTGCCTCTGGTAAGA
ALDH7A1	chr5	-	125903951	CGTGTCTGTTCCCTTGCAGCACAGCAATGGCCAAAGATGAA	125904048	AGAGGTTTGGTAAGT
ALDH7A1	chr5	-	125877533	TGTTATTTTTTCCCACTAGTACTATCAACTACAGTAAAGAC	125880711	CAACTCCAATTAGAC
ALDH7A1	chr5	-	125885888	CCAATGTCTCTCCTTTTAGAATGAAGAAGAGGTCTTTGCAT	125885985	CTGGCTTGGGTACAA
ALDH7A1	chr5	-	125919624	AATTGCATTCTTTTCTTAGATTCCTGCTCCAAAACGAGGAG	125919704	GGAAGCTTGGTAAAG
ALDH7A1	chr5	-	125887713	TTTCATTTCTCTGCATTAGGTTATGGATCGCCCTGGAAATT	125887829	AAATTCAAGGTAAAA
ALDH7A1	chr5	-	125911112	TTGTTTTAACCTTCTTAAGGAAAGGAGCTCCAACCACTTCC	125911156	TGTCACAAAGTAAGT
ALDH7A1	chr5	-	125906474	ATTGCTTTTTCCTTTCTAGGATAATAGCCAAGGTTCTGGAG	125906551	AGATATTGGGTAGGT
APTX	chr9	-	32985969	ttttttgttttttttttAGGAATCCCTGGGCCACTGGAGTC	32986028	AAAATGCAGGTCAGA
APTX	chr9	-	32989757	CTTTTGTTTTGTCCCTTAGAGTGATGATGCGGGTGTGCTGG	32989893	GACAGCAAGGTAACT
APTX	chr9	-	32984629	TCTTGTATCCCTCTGCTAGGTTTACAAAGATGAGCAGGTGG	32984855	GAGTATGAGGTAAGC
APTX	chr9	-	32974456	TTTTTTTTCTTTCAACTAGCCATGTACATCTTCATGTGATC	32974559	AATCACAAGGTAAAC
PEX1	chr7	-	92146590	AGCTTTATTTTCTACACAGTTGCACTAATACCAGCTGCCTC	92147356	AAAGTCTGGGTTAGT
PEX1	chr7	-	92151416	TCATTTCTTATATGAATAGAATCAAGCTATAGAAGTGGTCT	92151559	GGGGGACAGGTAAGC
PEX1	chr7	-	92119028	ACTACAATTTACCATGCAGAGCTCACAATGTCTCTCTGCAC	92119225	CAAAGTGGAGTATGG
PEX1	chr7	-	92131204	TTTGTGTTTTTTTCTTTAGGAACAAAGATGTGAAATTCTGT	92131393	CCAGAGAAAGTATGT
PEX1	chr7	-	92120586	GTCCTTTTGTGTATTTTAGGATGGAAGTTCCAGCTCTGATA	92120816	TCTGATTTGGTATCT
PEX1	chr7	-	92147455	TTTCGTCTGTTGGTTCTAGGAGCTGCATGCTGTTTCCCTTG	92147569	TCCAAATTGGTAGGT
PEX1	chr7	-	92138643	TTTTTCCTTGCAACTGTAGGTCCTTCTAGATCCTATGGTAA	92138725	CTCTTTGGGGTAAGA
PEX1	chr7	-	92136308	CTATGTATATTTTTTACAGAGGAGTGAATTCCTTAGGCGTA	92136440	GGAGGAAAGGTAAGT
PEX1	chr7	-	92123801	TGTTGTTTGTTTTTCCCAGAGCACAGGCTGCAAAGCCCTGC	92123943	GCTTACAGGGTAATA
PEX1	chr7	-	92122267	taaatttttCTCCTTTCAGGTGTCACGTCTTGAAATTTTAA	92122443	GGACTCCAGGCAAGT
PEX1	chr7	-	92123607	ATGTTCTTTTTTCCTCTAGGTGTTTATGTATTGGCTGCTAC	92123710	CCTGATCAGGTGACA
PEX1	chr7	-	92143162	gtttatttttaaatttCAGATTCCAGATGACCTGAGGAAGA	92143281	GAGAATTTAGTGAGT
PEX1	chr7	-	92157621	gggccgcagggggcggggccgATCGATCTCCTCCGGCTCCG	92157845	CTGCTGCAGGTAACC
PEX1	chr7	-	92140258	ATTACTTTCTTTTTAATAGGACTGAAGGAATTTTCTCTGAG	92140361	ACAATACAAGTAATA
PEX1	chr7	-	92135562	TAAAGCAATTATTTTCTAGGGAAGTGGAAAATCAACTTTAG	92135658	CTTTACGAGGTATGA
PEX1	chr7	-	92130821	TTTGTTTATTTTTAAACAGAATTAGTTTTAACAACATTGGA	92130987	CCTGCCAAGGTATGT
PEX1	chr7	-	92132355	CTATATTGCTTAATTCCAGCTTTGAATGATATGATAAAAGA	92132509	CCTAATCAGGTAATA
PEX1	chr7	-	92129018	TTTTTTTTTTGTTTCTCAGTATCCAGAATTATTTGCAAACT	92129152	AGTGTCAAGGTATGT
PEX1	chr7	-	92126027	CTCTTATTTTACCCAATAGGGGCCAGAGTTACTCAGCAAAT	92126091	TTTTATTAGGTTGGT
PEX1	chr7	-	92118607	ATTTCTTTTTTTACTTAAGGAGGACGAATCCATGAACCAAC	92118737	TGCTGAGCTGTAAGT
PEX1	chr7	-	92140894	CTATTCCTTTTTCTGGCAGCCTAAAGACATAAGTGAAGAAG	92141017	CTAAAGATGGTGAGT
PEX1	chr7	-	92116337	TATCTCTTTCTTTTTTCAGATATGAAAGCTTTCAAAATCCA	92116855	CTACTGATACAATTA
SCN1A	chr2	-	166903280	CTGATATTTTTGTTTGCAGACATTACGTGCTGCTGGGAAAA	166903486	GCAGCTCAGGTAAAG
SCN1A	chr2	-	166901553	TCATTTCTCTTCAATATAGCAGGCAGCAACGGCAACTGCCT	166901837	CCACACCAGGTATGG
SCN1A	chr2	-	166872117	ATGTCCATCTCACTTACAGAAACTGAATGAAAGCAGTAGCT	166872237	TCACTGAAGGTAAAG
SCN1A	chr2	-	166868619	TGTAACATTTTCTTTATAGGCATTTGAAGATATATATATTG	166868792	ATTGTTGATGTAGGT
SCN1A	chr2	-	166850656	CATTTCTATTTCTCTACAGAACAAATTTCAAGGAATGGTCT	166850926	CCATTGTAGGTAAGA
SCN1A	chr2	-	166845670	TCTCATTGTTTATTCATAGGTATGTTTCTTGCCGAGCTGAT	166848932	TTTATTTTATTGTTT
SCN1A	chr2	-	166856233	TGCATGTCCTTCTTAATAGGCCACATTCAAAGGATGGATGG	166856286	TCCAGAAATGTAAGT
SCN1A	chr2	-	166866229	ATTATTTTTGTGTGTGCAGGTTTCATTGGTCAGTTTAACAG	166866351	GGGATGAGGGTAAGA
SCN1A	chr2	-	166911148	TTTGGATGCTTGTTTTCAGATACACCTTCACAGGAATATAT	166911276	TACATTTGCGTAAGT
SCN1A	chr2	-	166904137	TCTTTTACCCCACTTGCAGCCAATGTCCAGAGGGATATATG	166904278	TATCAACTGGTGAGA
SCN1A	chr2	-	166852523	TGATTTTTCTTTTCTATACTTTGGAGGTCAAGACATCTTTA	166852627	CGACCAGGAGTAAGA
SCN1A	chr2	-	166894286	TTAATCTTTCATTTTCCAGCTGCGAGTTTTCAAGTTGGCAA	166894642	AACCTAGTGGTATGT
SCN1A	chr2	-	166897741	TTTTTTTTTCTTAATCTAGAACTTGAAGAATCCAGGCAGAA	166897979	GGAAACTTGGTAAGC
SCN1A	chr2	-	166905396	ACTTTCTTTTTTCAAACAGGATATCATTATTTCCTGGAGGG	166905459	TGATGCAGGGTAAGT
SCN1A	chr2	-	166915080	TTGTGTTCCTGTCTTACAGACTTTTATAGTATTGAATAAAG	166915198	GGTACATTCATATCC
SCN1A	chr2	-	166908229	ATAGACTTCTTTCTTTCAGGCCTGAAAACCATTGTGGGAGC	166908498	AAGATTCAAGTAAGA
SCN1A	chr2	-	166892558	TGTTTTTGTTGTTTTTAAGGTCCTGAATCTCTTTCTGGCCT	166893040	AGCAAAGAGGTAAGA
SCN1A	chr2	-	166909362	TGTGAACTCCCTATTACAGGTACGTCACAGAGTTTGTGGAC	166909453	TCATTCCAGGTGAGA
SCN1A	chr2	-	166858982	TTTTCCATTTGTGTATTAGGTGGTTGTGAATGCCCTTTTAG	166859263	CTTCAAGTTGTAAGT
SCN1A	chr2	-	166898802	TTAGCATTTTTTTTTACAGGGAACAACCACTGAAACTGAAA	166898934	CAGTAGAAGGTTGGT
SCN1A	chr2	-	166895933	AATTTTGTTTTGATCTTAGGTTTTCACTGGGATCTTTACAG	166896106	TTTCGATTGGTAAAA
SCN1A	chr2	-	166912921	TTCCTTAACAATAACCTACATTATTCAGCATGCTAATTATG	166913010	GAATGTAGAGTAAGT
SCN1A	chr2	-	166870254	ATTTCAACACTTTCTGCAGGCTGTGTACAAAGATTCAAGTG	166870408	GGTGCTCTGGTGAGT
SCN1A	chr2	-	166854548	AAATATTCCCCTTTGGTAGGTGGAACTCCAGCCTAAGTATG	166854685	AAAAAGAAGATAAGT